Flagged Share,Flagged Flights,Disruption Rate in Flagged Group,Baseline Disruption Rate,Lift vs Baseline,Captured Disruptions,Share of All Disruptions Captured
Top 5%,27200,0.3311397058823529,0.24679275665759196,1.3417723857341024,9007,0.06708824931474199
Top 10%,54400,0.3025735294117647,0.24679275665759196,1.2260227306086002,16460,0.12260159694911214
Top 20%,108800,0.2884191176470588,0.24679275665759196,1.1686692978887567,31380,0.23373257061136932
Top 30%,163200,0.2878370098039216,0.24679275665759196,1.166310606932746,46975,0.34989125253247527
