Flagged Share,Flagged Flights,Disruption Rate in Flagged Group,Baseline Disruption Rate,Lift vs Baseline,Captured Disruptions,Share of All Disruptions Captured
Top 5%,84842,0.36795455081209777,0.2517436649051747,1.461623874232135,31218,0.07308046154602468
Top 10%,169685,0.33671803636149333,0.2517436649051747,1.3375432366424247,57136,0.1337537718910137
Top 20%,339371,0.32879945546319517,0.2517436649051747,1.3060883005220623,111585,0.2612173522202948
Top 30%,509057,0.32135694038192186,0.2517436649051747,1.2765244380746132,163589,0.38295725619362647
